{
  "docs": [
    {
        "name": "Charles Bing",
        "age": 43,
        "country": "USA",
        "phone": "555-821345",
        "email": "charlesb@exmaple.com"
    },
    {
        "name": "Emma Watson",
        "age": 33,
        "country": "Great Britain",
        "phone": "555-726531",
        "email": "emma@example.com",
        "fax": "555-726532"
    },
    {
        "name": "Eric Quinn",
        "age": 23,
        "country": "USA",
        "phone": "555-012796",
        "fax": "555-098245"
    },
    {
        "name": "John Smith",
        "age": 54,
        "country": "Australia",
        "phone": "55-372589",
        "email": "jsmith@example.com",
        "fax": "555-372590"
    },
    {
        "name": "Jane Thomas",
        "age": 14,
        "country": "USA",
        "phone": "555-210897",
        "email": "jthomas@example.com"
    }
  ]
}
