{ "data": [
  {
    "_id": "charlesb",
    "name": "Charles Bing",
    "age": "43",
    "country": "USA",
    "phone": "+36 555-821345",
    "email": "charlesb@exmaple.com"
  },
  {
    "_id": "emma",
    "name": "Emma Watson",
    "age": "33",
    "country": "Great Britain",
    "phone": "+36 555-726531",
    "email": "emma@example.com",
    "fax": "555-726532"
  },
  {
    "_id": "ericq",
    "name": "Eric Quinn",
    "age": "23",
    "country": "USA",
    "phone": "+36 555-012796",
    "email": "",
    "fax": "555-098245"
  },
  {
    "_id": "jsmith",
    "name": "John Smith",
    "age": "54",
    "country": "Australia",
    "phone": "+36 553-72589",
    "email": "jsmith@example.com",
    "fax": "555-372590"
  },
  {
    "_id": "jthomas",
    "name": "Jane Thomas",
    "age": "14",
    "country": "USA",
    "phone": "+36 555-210897",
    "email": "jthomas@example.com"
  }
]
}
